drug,seed,fold,model,best_epoch,train_loss,train_acc,val_loss,val_acc,val_auc,source_file
AMIKACIN,,1,SD-LogReg,,,,,,0.8379615588748199,/project/pi_annagreen_umass_edu/saishradha/project_data_curation/benchmarking/Regression_l2/training_output/updated_results_logreg_1000/merged_XVal_accuracy.csv
AMIKACIN,,2,SD-LogReg,,,,,,0.8089139530653083,/project/pi_annagreen_umass_edu/saishradha/project_data_curation/benchmarking/Regression_l2/training_output/updated_results_logreg_1000/merged_XVal_accuracy.csv
AMIKACIN,,3,SD-LogReg,,,,,,0.7602317938072998,/project/pi_annagreen_umass_edu/saishradha/project_data_curation/benchmarking/Regression_l2/training_output/updated_results_logreg_1000/merged_XVal_accuracy.csv
AMIKACIN,,4,SD-LogReg,,,,,,0.8570081135902637,/project/pi_annagreen_umass_edu/saishradha/project_data_curation/benchmarking/Regression_l2/training_output/updated_results_logreg_1000/merged_XVal_accuracy.csv
AMIKACIN,,5,SD-LogReg,,,,,,0.8414198660436689,/project/pi_annagreen_umass_edu/saishradha/project_data_curation/benchmarking/Regression_l2/training_output/updated_results_logreg_1000/merged_XVal_accuracy.csv
CAPREOMYCIN,,1,SD-LogReg,,,,,,0.8377652050919377,/project/pi_annagreen_umass_edu/saishradha/project_data_curation/benchmarking/Regression_l2/training_output/updated_results_logreg_1000/merged_XVal_accuracy.csv
CAPREOMYCIN,,2,SD-LogReg,,,,,,0.8194011117088041,/project/pi_annagreen_umass_edu/saishradha/project_data_curation/benchmarking/Regression_l2/training_output/updated_results_logreg_1000/merged_XVal_accuracy.csv
CAPREOMYCIN,,3,SD-LogReg,,,,,,0.8165612481551761,/project/pi_annagreen_umass_edu/saishradha/project_data_curation/benchmarking/Regression_l2/training_output/updated_results_logreg_1000/merged_XVal_accuracy.csv
CAPREOMYCIN,,4,SD-LogReg,,,,,,0.8031155081142063,/project/pi_annagreen_umass_edu/saishradha/project_data_curation/benchmarking/Regression_l2/training_output/updated_results_logreg_1000/merged_XVal_accuracy.csv
CAPREOMYCIN,,5,SD-LogReg,,,,,,0.8230704269955489,/project/pi_annagreen_umass_edu/saishradha/project_data_curation/benchmarking/Regression_l2/training_output/updated_results_logreg_1000/merged_XVal_accuracy.csv
ETHAMBUTOL,,1,SD-LogReg,,,,,,0.9226361776276937,/project/pi_annagreen_umass_edu/saishradha/project_data_curation/benchmarking/Regression_l2/training_output/updated_results_logreg_1000/merged_XVal_accuracy.csv
ETHAMBUTOL,,2,SD-LogReg,,,,,,0.9132700205338807,/project/pi_annagreen_umass_edu/saishradha/project_data_curation/benchmarking/Regression_l2/training_output/updated_results_logreg_1000/merged_XVal_accuracy.csv
ETHAMBUTOL,,3,SD-LogReg,,,,,,0.9272763676950473,/project/pi_annagreen_umass_edu/saishradha/project_data_curation/benchmarking/Regression_l2/training_output/updated_results_logreg_1000/merged_XVal_accuracy.csv
ETHAMBUTOL,,4,SD-LogReg,,,,,,0.9290021395525984,/project/pi_annagreen_umass_edu/saishradha/project_data_curation/benchmarking/Regression_l2/training_output/updated_results_logreg_1000/merged_XVal_accuracy.csv
ETHAMBUTOL,,5,SD-LogReg,,,,,,0.9292855656262792,/project/pi_annagreen_umass_edu/saishradha/project_data_curation/benchmarking/Regression_l2/training_output/updated_results_logreg_1000/merged_XVal_accuracy.csv
ETHIONAMIDE,,1,SD-LogReg,,,,,,0.7039923806561965,/project/pi_annagreen_umass_edu/saishradha/project_data_curation/benchmarking/Regression_l2/training_output/updated_results_logreg_1000/merged_XVal_accuracy.csv
ETHIONAMIDE,,2,SD-LogReg,,,,,,0.6745754612953025,/project/pi_annagreen_umass_edu/saishradha/project_data_curation/benchmarking/Regression_l2/training_output/updated_results_logreg_1000/merged_XVal_accuracy.csv
ETHIONAMIDE,,3,SD-LogReg,,,,,,0.6557437265591771,/project/pi_annagreen_umass_edu/saishradha/project_data_curation/benchmarking/Regression_l2/training_output/updated_results_logreg_1000/merged_XVal_accuracy.csv
ETHIONAMIDE,,4,SD-LogReg,,,,,,0.6499795081967213,/project/pi_annagreen_umass_edu/saishradha/project_data_curation/benchmarking/Regression_l2/training_output/updated_results_logreg_1000/merged_XVal_accuracy.csv
ETHIONAMIDE,,5,SD-LogReg,,,,,,0.6991452991452992,/project/pi_annagreen_umass_edu/saishradha/project_data_curation/benchmarking/Regression_l2/training_output/updated_results_logreg_1000/merged_XVal_accuracy.csv
ISONIAZID,,1,SD-LogReg,,,,,,0.9244159436124488,/project/pi_annagreen_umass_edu/saishradha/project_data_curation/benchmarking/Regression_l2/training_output/updated_results_logreg_1000/merged_XVal_accuracy.csv
ISONIAZID,,2,SD-LogReg,,,,,,0.9329562193126023,/project/pi_annagreen_umass_edu/saishradha/project_data_curation/benchmarking/Regression_l2/training_output/updated_results_logreg_1000/merged_XVal_accuracy.csv
ISONIAZID,,3,SD-LogReg,,,,,,0.9357731137088203,/project/pi_annagreen_umass_edu/saishradha/project_data_curation/benchmarking/Regression_l2/training_output/updated_results_logreg_1000/merged_XVal_accuracy.csv
ISONIAZID,,4,SD-LogReg,,,,,,0.9232263506663099,/project/pi_annagreen_umass_edu/saishradha/project_data_curation/benchmarking/Regression_l2/training_output/updated_results_logreg_1000/merged_XVal_accuracy.csv
ISONIAZID,,5,SD-LogReg,,,,,,0.9274849899181392,/project/pi_annagreen_umass_edu/saishradha/project_data_curation/benchmarking/Regression_l2/training_output/updated_results_logreg_1000/merged_XVal_accuracy.csv
KANAMYCIN,,1,SD-LogReg,,,,,,0.88230224296315,/project/pi_annagreen_umass_edu/saishradha/project_data_curation/benchmarking/Regression_l2/training_output/updated_results_logreg_1000/merged_XVal_accuracy.csv
KANAMYCIN,,2,SD-LogReg,,,,,,0.8483246844769043,/project/pi_annagreen_umass_edu/saishradha/project_data_curation/benchmarking/Regression_l2/training_output/updated_results_logreg_1000/merged_XVal_accuracy.csv
KANAMYCIN,,3,SD-LogReg,,,,,,0.846586129753915,/project/pi_annagreen_umass_edu/saishradha/project_data_curation/benchmarking/Regression_l2/training_output/updated_results_logreg_1000/merged_XVal_accuracy.csv
KANAMYCIN,,4,SD-LogReg,,,,,,0.8475814783507091,/project/pi_annagreen_umass_edu/saishradha/project_data_curation/benchmarking/Regression_l2/training_output/updated_results_logreg_1000/merged_XVal_accuracy.csv
KANAMYCIN,,5,SD-LogReg,,,,,,0.830272861356932,/project/pi_annagreen_umass_edu/saishradha/project_data_curation/benchmarking/Regression_l2/training_output/updated_results_logreg_1000/merged_XVal_accuracy.csv
LEVOFLOXACIN,,1,SD-LogReg,,,,,,0.9107142857142858,/project/pi_annagreen_umass_edu/saishradha/project_data_curation/benchmarking/Regression_l2/training_output/updated_results_logreg_1000/merged_XVal_accuracy.csv
LEVOFLOXACIN,,2,SD-LogReg,,,,,,0.9839285714285715,/project/pi_annagreen_umass_edu/saishradha/project_data_curation/benchmarking/Regression_l2/training_output/updated_results_logreg_1000/merged_XVal_accuracy.csv
LEVOFLOXACIN,,3,SD-LogReg,,,,,,0.901111111111111,/project/pi_annagreen_umass_edu/saishradha/project_data_curation/benchmarking/Regression_l2/training_output/updated_results_logreg_1000/merged_XVal_accuracy.csv
LEVOFLOXACIN,,4,SD-LogReg,,,,,,0.9516129032258065,/project/pi_annagreen_umass_edu/saishradha/project_data_curation/benchmarking/Regression_l2/training_output/updated_results_logreg_1000/merged_XVal_accuracy.csv
LEVOFLOXACIN,,5,SD-LogReg,,,,,,0.9107142857142857,/project/pi_annagreen_umass_edu/saishradha/project_data_curation/benchmarking/Regression_l2/training_output/updated_results_logreg_1000/merged_XVal_accuracy.csv
MOXIFLOXACIN,,1,SD-LogReg,,,,,,0.8435525826830175,/project/pi_annagreen_umass_edu/saishradha/project_data_curation/benchmarking/Regression_l2/training_output/updated_results_logreg_1000/merged_XVal_accuracy.csv
MOXIFLOXACIN,,2,SD-LogReg,,,,,,0.8293851210517877,/project/pi_annagreen_umass_edu/saishradha/project_data_curation/benchmarking/Regression_l2/training_output/updated_results_logreg_1000/merged_XVal_accuracy.csv
MOXIFLOXACIN,,3,SD-LogReg,,,,,,0.7923681257014591,/project/pi_annagreen_umass_edu/saishradha/project_data_curation/benchmarking/Regression_l2/training_output/updated_results_logreg_1000/merged_XVal_accuracy.csv
MOXIFLOXACIN,,4,SD-LogReg,,,,,,0.8408050847457629,/project/pi_annagreen_umass_edu/saishradha/project_data_curation/benchmarking/Regression_l2/training_output/updated_results_logreg_1000/merged_XVal_accuracy.csv
MOXIFLOXACIN,,5,SD-LogReg,,,,,,0.8201625799573561,/project/pi_annagreen_umass_edu/saishradha/project_data_curation/benchmarking/Regression_l2/training_output/updated_results_logreg_1000/merged_XVal_accuracy.csv
PYRAZINAMIDE,,1,SD-LogReg,,,,,,0.8671229000884174,/project/pi_annagreen_umass_edu/saishradha/project_data_curation/benchmarking/Regression_l2/training_output/updated_results_logreg_1000/merged_XVal_accuracy.csv
PYRAZINAMIDE,,2,SD-LogReg,,,,,,0.8958427633348421,/project/pi_annagreen_umass_edu/saishradha/project_data_curation/benchmarking/Regression_l2/training_output/updated_results_logreg_1000/merged_XVal_accuracy.csv
PYRAZINAMIDE,,3,SD-LogReg,,,,,,0.8817924764602744,/project/pi_annagreen_umass_edu/saishradha/project_data_curation/benchmarking/Regression_l2/training_output/updated_results_logreg_1000/merged_XVal_accuracy.csv
PYRAZINAMIDE,,4,SD-LogReg,,,,,,0.8798051804517322,/project/pi_annagreen_umass_edu/saishradha/project_data_curation/benchmarking/Regression_l2/training_output/updated_results_logreg_1000/merged_XVal_accuracy.csv
PYRAZINAMIDE,,5,SD-LogReg,,,,,,0.869690160141011,/project/pi_annagreen_umass_edu/saishradha/project_data_curation/benchmarking/Regression_l2/training_output/updated_results_logreg_1000/merged_XVal_accuracy.csv
RIFAMPICIN,,1,SD-LogReg,,,,,,0.9685527394778496,/project/pi_annagreen_umass_edu/saishradha/project_data_curation/benchmarking/Regression_l2/training_output/updated_results_logreg_1000/merged_XVal_accuracy.csv
RIFAMPICIN,,2,SD-LogReg,,,,,,0.9604744570801006,/project/pi_annagreen_umass_edu/saishradha/project_data_curation/benchmarking/Regression_l2/training_output/updated_results_logreg_1000/merged_XVal_accuracy.csv
RIFAMPICIN,,3,SD-LogReg,,,,,,0.9595104386275863,/project/pi_annagreen_umass_edu/saishradha/project_data_curation/benchmarking/Regression_l2/training_output/updated_results_logreg_1000/merged_XVal_accuracy.csv
RIFAMPICIN,,4,SD-LogReg,,,,,,0.964925451329179,/project/pi_annagreen_umass_edu/saishradha/project_data_curation/benchmarking/Regression_l2/training_output/updated_results_logreg_1000/merged_XVal_accuracy.csv
RIFAMPICIN,,5,SD-LogReg,,,,,,0.9712580567843726,/project/pi_annagreen_umass_edu/saishradha/project_data_curation/benchmarking/Regression_l2/training_output/updated_results_logreg_1000/merged_XVal_accuracy.csv
STREPTOMYCIN,,1,SD-LogReg,,,,,,0.9111163153786104,/project/pi_annagreen_umass_edu/saishradha/project_data_curation/benchmarking/Regression_l2/training_output/updated_results_logreg_1000/merged_XVal_accuracy.csv
STREPTOMYCIN,,2,SD-LogReg,,,,,,0.9176464456952261,/project/pi_annagreen_umass_edu/saishradha/project_data_curation/benchmarking/Regression_l2/training_output/updated_results_logreg_1000/merged_XVal_accuracy.csv
STREPTOMYCIN,,3,SD-LogReg,,,,,,0.9135333615668366,/project/pi_annagreen_umass_edu/saishradha/project_data_curation/benchmarking/Regression_l2/training_output/updated_results_logreg_1000/merged_XVal_accuracy.csv
STREPTOMYCIN,,4,SD-LogReg,,,,,,0.9223328476606767,/project/pi_annagreen_umass_edu/saishradha/project_data_curation/benchmarking/Regression_l2/training_output/updated_results_logreg_1000/merged_XVal_accuracy.csv
STREPTOMYCIN,,5,SD-LogReg,,,,,,0.912484590729783,/project/pi_annagreen_umass_edu/saishradha/project_data_curation/benchmarking/Regression_l2/training_output/updated_results_logreg_1000/merged_XVal_accuracy.csv
