drug,heldout_lineage,model,N,N_S,N_R,best_epoch,train_loss,train_acc,val_loss,val_acc,val_auc,train_N,train_N_S,train_N_R,feasible,val_result_available,source_file
AMIKACIN,2,evo2_7b_lora_finetuned,1221,903,318,2,0.4580916233518253,0.8434826371414192,0.43531718511336764,0.8430583501006036,0.7826020439385595,2484,2095,389,True,True,/project/pi_annagreen_umass_edu/saishradha/Data-Curation-for-MTB/dna-tasks/Evo2/training_output/lora_finetuned/AMIKACIN/final/heldout_lineage_2/history.json
AMIKACIN,4,evo2_7b_lora_finetuned,2256,1948,308,2,0.5843471163555151,0.7532355478861087,0.7133483651126253,0.896551724137931,0.8661904761904762,1449,1050,399,True,True,/project/pi_annagreen_umass_edu/saishradha/Data-Curation-for-MTB/dna-tasks/Evo2/training_output/lora_finetuned/AMIKACIN/final/heldout_lineage_4/history.json
CAPREOMYCIN,2,evo2_7b_lora_finetuned,1323,1025,298,4,0.43293673968266533,0.8512845849802372,0.4242734145483322,0.8500986193293886,0.7690194162901455,2531,2154,377,True,True,/project/pi_annagreen_umass_edu/saishradha/Data-Curation-for-MTB/dna-tasks/Evo2/training_output/lora_finetuned/CAPREOMYCIN/final/heldout_lineage_2/history.json
CAPREOMYCIN,4,evo2_7b_lora_finetuned,2279,1929,350,2,0.4526263394156084,0.873015873015873,0.2933930834607473,0.9047619047619048,0.8855384615384614,1575,1250,325,True,True,/project/pi_annagreen_umass_edu/saishradha/Data-Curation-for-MTB/dna-tasks/Evo2/training_output/lora_finetuned/CAPREOMYCIN/final/heldout_lineage_4/history.json
ETHAMBUTOL,1,evo2_7b_lora_finetuned,1362,1270,92,2,0.517785031934639,0.7925077286779414,0.5153637503493916,0.7923636363636364,0.6595913548286501,13748,10895,2853,True,True,/project/pi_annagreen_umass_edu/saishradha/Data-Curation-for-MTB/dna-tasks/Evo2/training_output/lora_finetuned/ETHAMBUTOL/final/heldout_lineage_1/history.json
ETHAMBUTOL,2,evo2_7b_lora_finetuned,3097,1939,1158,1,0.44205598347005315,0.8482830385015608,0.42677858837733307,0.8514357053682896,0.6645795170463101,12013,10226,1787,True,True,/project/pi_annagreen_umass_edu/saishradha/Data-Curation-for-MTB/dna-tasks/Evo2/training_output/lora_finetuned/ETHAMBUTOL/final/heldout_lineage_2/history.json
ETHAMBUTOL,3,evo2_7b_lora_finetuned,2521,2323,198,2,0.5298339944736402,0.7817495779962268,0.5273352806013287,0.7819698173153297,0.6509781393012458,12589,9842,2747,True,True,/project/pi_annagreen_umass_edu/saishradha/Data-Curation-for-MTB/dna-tasks/Evo2/training_output/lora_finetuned/ETHAMBUTOL/final/heldout_lineage_3/history.json
ETHAMBUTOL,4,evo2_7b_lora_finetuned,7883,6408,1475,1,0.5318289952749111,0.7924234561494551,0.5177616551209288,0.7966804979253111,0.7076955782312925,7227,5757,1470,True,True,/project/pi_annagreen_umass_edu/saishradha/Data-Curation-for-MTB/dna-tasks/Evo2/training_output/lora_finetuned/ETHAMBUTOL/final/heldout_lineage_4/history.json
ETHIONAMIDE,2,evo2_7b_lora_finetuned,596,382,214,3,0.6496703694121965,0.6939759036144578,0.6159098413892281,0.6955128205128205,0.6742663109386369,1557,1081,476,True,True,/project/pi_annagreen_umass_edu/saishradha/Data-Curation-for-MTB/dna-tasks/Evo2/training_output/lora_finetuned/ETHIONAMIDE/final/heldout_lineage_2/history.json
ETHIONAMIDE,4,evo2_7b_lora_finetuned,1435,979,456,1,0.7441629825309178,0.632404181184669,0.6608792203995917,0.6666666666666666,0.5832419390217153,718,484,234,True,True,/project/pi_annagreen_umass_edu/saishradha/Data-Curation-for-MTB/dna-tasks/Evo2/training_output/lora_finetuned/ETHIONAMIDE/final/heldout_lineage_4/history.json
ISONIAZID,1,evo2_7b_lora_finetuned,1583,1274,309,8,0.27842975391339997,0.9177509660121441,0.281378965052999,0.913276568905708,0.9271415131231685,15852,10336,5516,True,True,/project/pi_annagreen_umass_edu/saishradha/Data-Curation-for-MTB/dna-tasks/Evo2/training_output/lora_finetuned/ISONIAZID/final/heldout_lineage_1/history.json
ISONIAZID,2,evo2_7b_lora_finetuned,3457,1499,1958,4,0.2822099638207641,0.9169200500804865,0.27170729564931856,0.92310443490701,0.9084032362360291,13978,10111,3867,True,True,/project/pi_annagreen_umass_edu/saishradha/Data-Curation-for-MTB/dna-tasks/Evo2/training_output/lora_finetuned/ISONIAZID/final/heldout_lineage_2/history.json
ISONIAZID,3,evo2_7b_lora_finetuned,2791,2156,635,2,0.30967494790902184,0.9053350405463082,0.2873882011835711,0.9125981563673609,0.9255822377370141,14644,9454,5190,True,True,/project/pi_annagreen_umass_edu/saishradha/Data-Curation-for-MTB/dna-tasks/Evo2/training_output/lora_finetuned/ISONIAZID/final/heldout_lineage_3/history.json
ISONIAZID,4,evo2_7b_lora_finetuned,9348,6483,2865,2,0.6603550758413783,0.6339465141443809,0.6574147962706051,0.6341161928306551,0.8565119395711499,8087,5127,2960,True,True,/project/pi_annagreen_umass_edu/saishradha/Data-Curation-for-MTB/dna-tasks/Evo2/training_output/lora_finetuned/ISONIAZID/final/heldout_lineage_4/history.json
KANAMYCIN,2,evo2_7b_lora_finetuned,930,660,270,4,0.2666599493674469,0.9305293005671077,0.2578360323636037,0.930188679245283,0.8277808048571651,2646,2213,433,True,True,/project/pi_annagreen_umass_edu/saishradha/Data-Curation-for-MTB/dna-tasks/Evo2/training_output/lora_finetuned/KANAMYCIN/final/heldout_lineage_2/history.json
KANAMYCIN,4,evo2_7b_lora_finetuned,2353,1988,365,1,0.6386723489593905,0.7075664621676891,0.592196568299313,0.7224489795918367,0.8835576603522765,1223,885,338,True,True,/project/pi_annagreen_umass_edu/saishradha/Data-Curation-for-MTB/dna-tasks/Evo2/training_output/lora_finetuned/KANAMYCIN/final/heldout_lineage_4/history.json
MOXIFLOXACIN,2,evo2_7b_lora_finetuned,887,682,205,9,0.3232961092110811,0.9084595959595959,0.24332733735704903,0.9269521410579346,0.7453453453453454,1981,1798,183,True,True,/project/pi_annagreen_umass_edu/saishradha/Data-Curation-for-MTB/dna-tasks/Evo2/training_output/lora_finetuned/MOXIFLOXACIN/final/heldout_lineage_2/history.json
MOXIFLOXACIN,4,evo2_7b_lora_finetuned,1788,1612,176,5,0.32039240569294497,0.9050925925925926,0.2856570216309693,0.9120370370370371,0.9322660098522167,1080,868,212,True,True,/project/pi_annagreen_umass_edu/saishradha/Data-Curation-for-MTB/dna-tasks/Evo2/training_output/lora_finetuned/MOXIFLOXACIN/final/heldout_lineage_4/history.json
PYRAZINAMIDE,1,evo2_7b_lora_finetuned,983,898,85,4,0.4556823615297275,0.8459521812080537,0.4748824195898819,0.8447986577181208,0.7591674661879856,11920,9874,2046,True,True,/project/pi_annagreen_umass_edu/saishradha/Data-Curation-for-MTB/dna-tasks/Evo2/training_output/lora_finetuned/PYRAZINAMIDE/final/heldout_lineage_1/history.json
PYRAZINAMIDE,2,evo2_7b_lora_finetuned,2392,1665,727,3,0.405238733869314,0.8664367269267365,0.3933308122699962,0.8663813599619591,0.7446277408190133,10511,9107,1404,True,True,/project/pi_annagreen_umass_edu/saishradha/Data-Curation-for-MTB/dna-tasks/Evo2/training_output/lora_finetuned/PYRAZINAMIDE/final/heldout_lineage_2/history.json
PYRAZINAMIDE,3,evo2_7b_lora_finetuned,2417,2257,160,1,0.5043231274766744,0.8065092989985694,0.501004005040977,0.8122020972354623,0.7420342699173041,10486,8515,1971,True,True,/project/pi_annagreen_umass_edu/saishradha/Data-Curation-for-MTB/dna-tasks/Evo2/training_output/lora_finetuned/PYRAZINAMIDE/final/heldout_lineage_3/history.json
PYRAZINAMIDE,4,evo2_7b_lora_finetuned,6889,5832,1057,1,0.4889296512150445,0.8170858449386822,0.4884651909866436,0.8337489609310058,0.7426537049242067,6014,4940,1074,True,True,/project/pi_annagreen_umass_edu/saishradha/Data-Curation-for-MTB/dna-tasks/Evo2/training_output/lora_finetuned/PYRAZINAMIDE/final/heldout_lineage_4/history.json
RIFAMPICIN,1,evo2_7b_lora_finetuned,1625,1459,166,9,0.15096670237846618,0.9684268254465684,0.1291174705456569,0.9714912280701754,0.978022992260849,15956,11253,4703,True,True,/project/pi_annagreen_umass_edu/saishradha/Data-Curation-for-MTB/dna-tasks/Evo2/training_output/lora_finetuned/RIFAMPICIN/final/heldout_lineage_1/history.json
RIFAMPICIN,2,evo2_7b_lora_finetuned,3509,1680,1829,7,0.14073689308563858,0.9705960735542329,0.15938561618705255,0.9683836589698046,0.9654690965349486,14072,11032,3040,True,True,/project/pi_annagreen_umass_edu/saishradha/Data-Curation-for-MTB/dna-tasks/Evo2/training_output/lora_finetuned/RIFAMPICIN/final/heldout_lineage_2/history.json
RIFAMPICIN,3,evo2_7b_lora_finetuned,2793,2326,467,1,0.36179495642163456,0.8918850380388842,0.18422563186644542,0.9621365787694388,0.9584348223366344,14788,10386,4402,True,True,/project/pi_annagreen_umass_edu/saishradha/Data-Curation-for-MTB/dna-tasks/Evo2/training_output/lora_finetuned/RIFAMPICIN/final/heldout_lineage_3/history.json
RIFAMPICIN,4,evo2_7b_lora_finetuned,9403,7030,2373,6,0.15459670030161163,0.966065423417915,0.12288665443279981,0.9724938875305623,0.9820432421571376,8178,5682,2496,True,True,/project/pi_annagreen_umass_edu/saishradha/Data-Curation-for-MTB/dna-tasks/Evo2/training_output/lora_finetuned/RIFAMPICIN/final/heldout_lineage_4/history.json
STREPTOMYCIN,1,evo2_7b_lora_finetuned,658,593,65,4,0.6390152006710227,0.6652429257875067,0.6387601746358905,0.6654804270462633,0.6767038343383774,7024,4673,2351,True,True,/project/pi_annagreen_umass_edu/saishradha/Data-Curation-for-MTB/dna-tasks/Evo2/training_output/lora_finetuned/STREPTOMYCIN/final/heldout_lineage_1/history.json
STREPTOMYCIN,2,evo2_7b_lora_finetuned,1966,907,1059,1,0.5739832471637341,0.7565616797900262,0.5486334317161904,0.7622377622377622,0.7179320696168375,5716,4359,1357,True,True,/project/pi_annagreen_umass_edu/saishradha/Data-Curation-for-MTB/dna-tasks/Evo2/training_output/lora_finetuned/STREPTOMYCIN/final/heldout_lineage_2/history.json
STREPTOMYCIN,3,evo2_7b_lora_finetuned,515,433,82,1,0.6496074933782233,0.6790511076225362,0.6329748049232916,0.6743375174337517,0.721589764143945,7167,4833,2334,True,True,/project/pi_annagreen_umass_edu/saishradha/Data-Curation-for-MTB/dna-tasks/Evo2/training_output/lora_finetuned/STREPTOMYCIN/final/heldout_lineage_3/history.json
STREPTOMYCIN,4,evo2_7b_lora_finetuned,4425,3235,1190,4,0.34127523317189457,0.8890595009596929,0.308313523676315,0.9125766871165644,0.9307877450734594,3257,2031,1226,True,True,/project/pi_annagreen_umass_edu/saishradha/Data-Curation-for-MTB/dna-tasks/Evo2/training_output/lora_finetuned/STREPTOMYCIN/final/heldout_lineage_4/history.json
