Algorithm,Drug,heldout_lineage,num_sensitive,num_resistant,AUC,AUC_PR,threshold,spec,sens
SD-CNN,ETHAMBUTOL,1,10487,2681,0.9209269486133469,0.7515915380018605,0.66,0.9095070086774101,0.8616187989556136
SD-CNN,ETHAMBUTOL,2,9842,1654,0.9155516286713385,0.6978336741358714,0.79,0.9324324324324325,0.8077388149939541
SD-CNN,ETHAMBUTOL,3,9413,2571,0.9102498291070514,0.7426732857781941,0.77,0.9098055880165729,0.8311940879035394
SD-CNN,ETHAMBUTOL,4,5559,1409,0.9314870699258015,0.7495207828655077,0.42,0.9109552077711819,0.8843151171043293
SD-CNN,ISONIAZID,1,10012,5211,0.9278728507943608,0.9135990146127042,0.81,0.9865161805833,0.8311264632508156
SD-CNN,ISONIAZID,2,9795,3627,0.9051317517799756,0.8708701696187103,0.85,0.9894844308320572,0.7816377171215881
SD-CNN,ISONIAZID,3,9110,4890,0.9170590981842017,0.8989029242710446,0.81,0.9886937431394073,0.8147239263803681
SD-CNN,ISONIAZID,4,4977,2842,0.9376258516127035,0.9223982983748727,0.78,0.9877436206550131,0.8483462350457425
SD-CNN,KANAMYCIN,2,2062,396,0.8512807512565029,0.7081441733940719,0.6900000000000001,0.9946653734238603,0.5934343434343434
SD-CNN,KANAMYCIN,4,826,313,0.8998638498015765,0.8461255964395923,0.5,0.9891041162227603,0.7731629392971247
SD-CNN,PYRAZINAMIDE,1,9464,1958,0.9363864581831305,0.83163686498269,0.62,0.9572062552831784,0.8697650663942799
SD-CNN,PYRAZINAMIDE,2,8745,1332,0.9333482281595489,0.8241211984407475,0.8200000000000001,0.9647798742138365,0.8656156156156156
SD-CNN,PYRAZINAMIDE,3,8101,1878,0.9261308475176088,0.8301175201579536,0.8200000000000001,0.95124058758178,0.8615548455804047
SD-CNN,PYRAZINAMIDE,4,4755,1039,0.8647978066753096,0.7365823684184386,0.56,0.9619348054679285,0.7305101058710298
SD-CNN,RIFAMPICIN,1,10862,4489,0.9746804203437778,0.9484387010584119,0.55,0.9779966856932425,0.9460904433058588
SD-CNN,RIFAMPICIN,2,10660,2865,0.9726357114557855,0.9444385288404585,0.8200000000000001,0.9841463414634146,0.9301919720767888
SD-CNN,RIFAMPICIN,3,9961,4199,0.9735895689784587,0.9489583886444464,0.61,0.9780142555968276,0.9433198380566802
SD-CNN,RIFAMPICIN,4,5485,2428,0.9819860289932556,0.9545792015826347,0.76,0.9733819507748405,0.9608731466227347
SD-CNN,STREPTOMYCIN,1,4273,2125,0.9064246362247217,0.854779498280015,0.67,0.8953896559794056,0.7872941176470588
SD-CNN,STREPTOMYCIN,2,3969,1186,0.8802239276823715,0.7611903964515123,0.77,0.9155958679768204,0.693929173693086
SD-CNN,STREPTOMYCIN,3,4405,2111,0.9034592059000178,0.8447222361073967,0.62,0.9321225879682179,0.7418285172903837
SD-CNN,STREPTOMYCIN,4,1860,1122,0.9197043969102794,0.8889668654979057,0.27,0.9440860215053763,0.8725490196078431
