drug,heldout_lineage,model,N,N_S,N_R,best_C,val_acc,val_auc,train_N,train_N_S,train_N_R,feasible,min_class_count,val_result_available,source_file
AMIKACIN,2,SD-LogReg,1221,903,318,0.1,0.868959868959869,0.8808827319138859,2484,2095,389,True,50,True,/project/pi_annagreen_umass_edu/saishradha/Data-Curation-for-MTB/dna-tasks/Regression/training_output/lineage_aware_results_logreg_1000/AMIKACIN/all_lineage_summary.csv
AMIKACIN,4,SD-LogReg,2256,1948,308,0.01,0.928191489361702,0.786260966959119,1449,1050,399,True,50,True,/project/pi_annagreen_umass_edu/saishradha/Data-Curation-for-MTB/dna-tasks/Regression/training_output/lineage_aware_results_logreg_1000/AMIKACIN/all_lineage_summary.csv
CAPREOMYCIN,2,SD-LogReg,1323,1025,298,0.1,0.90854119425548,0.8305680144049763,2531,2154,377,True,50,True,/project/pi_annagreen_umass_edu/saishradha/Data-Curation-for-MTB/dna-tasks/Regression/training_output/lineage_aware_results_logreg_1000/CAPREOMYCIN/all_lineage_summary.csv
CAPREOMYCIN,4,SD-LogReg,2279,1929,350,10.0,0.9104870557261956,0.7678552914167223,1575,1250,325,True,50,True,/project/pi_annagreen_umass_edu/saishradha/Data-Curation-for-MTB/dna-tasks/Regression/training_output/lineage_aware_results_logreg_1000/CAPREOMYCIN/all_lineage_summary.csv
ETHAMBUTOL,1,SD-LogReg,1132,953,179,0.1,0.9151943462897526,0.9200466624068656,11448,9071,2377,True,50,True,/project/pi_annagreen_umass_edu/saishradha/Data-Curation-for-MTB/dna-tasks/Regression/training_output/lineage_aware_results_logreg_1000/ETHAMBUTOL/all_lineage_summary.csv
ETHAMBUTOL,2,SD-LogReg,2632,2114,518,0.1,0.8993161094224924,0.9163692683087196,9948,7910,2038,True,50,True,/project/pi_annagreen_umass_edu/saishradha/Data-Curation-for-MTB/dna-tasks/Regression/training_output/lineage_aware_results_logreg_1000/ETHAMBUTOL/all_lineage_summary.csv
ETHAMBUTOL,3,SD-LogReg,1948,1597,351,1.0,0.9152977412731006,0.9312252139428095,10632,8427,2205,True,50,True,/project/pi_annagreen_umass_edu/saishradha/Data-Curation-for-MTB/dna-tasks/Regression/training_output/lineage_aware_results_logreg_1000/ETHAMBUTOL/all_lineage_summary.csv
ETHAMBUTOL,4,SD-LogReg,6661,5186,1475,0.1,0.8880048040834709,0.9032806055416474,5919,4838,1081,True,50,True,/project/pi_annagreen_umass_edu/saishradha/Data-Curation-for-MTB/dna-tasks/Regression/training_output/lineage_aware_results_logreg_1000/ETHAMBUTOL/all_lineage_summary.csv
ETHIONAMIDE,2,SD-LogReg,596,382,214,0.0001,0.6308724832214765,0.5760569065909869,1557,1081,476,True,50,True,/project/pi_annagreen_umass_edu/saishradha/Data-Curation-for-MTB/dna-tasks/Regression/training_output/lineage_aware_results_logreg_1000/ETHIONAMIDE/all_lineage_summary.csv
ETHIONAMIDE,4,SD-LogReg,1435,979,456,0.001,0.6982578397212543,0.6176482447180259,718,484,234,True,50,True,/project/pi_annagreen_umass_edu/saishradha/Data-Curation-for-MTB/dna-tasks/Regression/training_output/lineage_aware_results_logreg_1000/ETHIONAMIDE/all_lineage_summary.csv
ISONIAZID,1,SD-LogReg,1535,1113,422,100.0,0.9394136807817588,0.901680058592336,15398,10267,5131,True,50,True,/project/pi_annagreen_umass_edu/saishradha/Data-Curation-for-MTB/dna-tasks/Regression/training_output/lineage_aware_results_logreg_1000/ISONIAZID/all_lineage_summary.csv
ISONIAZID,2,SD-LogReg,3341,2007,1334,10.0,0.945824603412152,0.9411224880833124,13592,9373,4219,True,50,True,/project/pi_annagreen_umass_edu/saishradha/Data-Curation-for-MTB/dna-tasks/Regression/training_output/lineage_aware_results_logreg_1000/ISONIAZID/all_lineage_summary.csv
ISONIAZID,3,SD-LogReg,2723,2091,632,10.0,0.953360264414249,0.9164895967649178,14210,9289,4921,True,50,True,/project/pi_annagreen_umass_edu/saishradha/Data-Curation-for-MTB/dna-tasks/Regression/training_output/lineage_aware_results_logreg_1000/ISONIAZID/all_lineage_summary.csv
ISONIAZID,4,SD-LogReg,9087,5978,3109,0.1,0.9154836579729284,0.9050523625761492,7846,5402,2444,True,50,True,/project/pi_annagreen_umass_edu/saishradha/Data-Curation-for-MTB/dna-tasks/Regression/training_output/lineage_aware_results_logreg_1000/ISONIAZID/all_lineage_summary.csv
KANAMYCIN,2,SD-LogReg,930,660,270,0.01,0.9182795698924732,0.8705555555555556,2646,2213,433,True,50,True,/project/pi_annagreen_umass_edu/saishradha/Data-Curation-for-MTB/dna-tasks/Regression/training_output/lineage_aware_results_logreg_1000/KANAMYCIN/all_lineage_summary.csv
KANAMYCIN,4,SD-LogReg,2353,1988,365,100.0,0.9124521886952828,0.7982856040351699,1223,885,338,True,50,True,/project/pi_annagreen_umass_edu/saishradha/Data-Curation-for-MTB/dna-tasks/Regression/training_output/lineage_aware_results_logreg_1000/KANAMYCIN/all_lineage_summary.csv
MOXIFLOXACIN,2,SD-LogReg,887,682,205,1.0,0.8850056369785795,0.8446713396752736,1981,1798,183,True,50,True,/project/pi_annagreen_umass_edu/saishradha/Data-Curation-for-MTB/dna-tasks/Regression/training_output/lineage_aware_results_logreg_1000/MOXIFLOXACIN/all_lineage_summary.csv
MOXIFLOXACIN,4,SD-LogReg,1788,1612,176,10.0,0.930648769574944,0.7402912108053237,1080,868,212,True,50,True,/project/pi_annagreen_umass_edu/saishradha/Data-Curation-for-MTB/dna-tasks/Regression/training_output/lineage_aware_results_logreg_1000/MOXIFLOXACIN/all_lineage_summary.csv
PYRAZINAMIDE,1,SD-LogReg,983,898,85,10.0,0.940996948118006,0.7664352155115944,11920,9874,2046,True,50,True,/project/pi_annagreen_umass_edu/saishradha/Data-Curation-for-MTB/dna-tasks/Regression/training_output/lineage_aware_results_logreg_1000/PYRAZINAMIDE/all_lineage_summary.csv
PYRAZINAMIDE,2,SD-LogReg,2392,1665,727,1.0,0.8566053511705686,0.7964744662131182,10511,9107,1404,True,50,True,/project/pi_annagreen_umass_edu/saishradha/Data-Curation-for-MTB/dna-tasks/Regression/training_output/lineage_aware_results_logreg_1000/PYRAZINAMIDE/all_lineage_summary.csv
PYRAZINAMIDE,3,SD-LogReg,2417,2257,160,0.0001,0.9594538684319404,0.7998878489144883,10486,8515,1971,True,50,True,/project/pi_annagreen_umass_edu/saishradha/Data-Curation-for-MTB/dna-tasks/Regression/training_output/lineage_aware_results_logreg_1000/PYRAZINAMIDE/all_lineage_summary.csv
PYRAZINAMIDE,4,SD-LogReg,6889,5832,1057,0.001,0.1534330091450138,0.9005271214309724,6014,4940,1074,True,50,True,/project/pi_annagreen_umass_edu/saishradha/Data-Curation-for-MTB/dna-tasks/Regression/training_output/lineage_aware_results_logreg_1000/PYRAZINAMIDE/all_lineage_summary.csv
RIFAMPICIN,1,SD-LogReg,1592,1292,300,1.0,0.9729899497487438,0.9547136222910216,15634,11238,4396,True,50,True,/project/pi_annagreen_umass_edu/saishradha/Data-Curation-for-MTB/dna-tasks/Regression/training_output/lineage_aware_results_logreg_1000/RIFAMPICIN/all_lineage_summary.csv
RIFAMPICIN,2,SD-LogReg,3446,2273,1173,0.1,0.9477655252466628,0.9605521506217208,13780,10257,3523,True,50,True,/project/pi_annagreen_umass_edu/saishradha/Data-Curation-for-MTB/dna-tasks/Regression/training_output/lineage_aware_results_logreg_1000/RIFAMPICIN/all_lineage_summary.csv
RIFAMPICIN,3,SD-LogReg,2748,2291,457,10.0,0.9759825327510916,0.9676390442288204,14478,10239,4239,True,50,True,/project/pi_annagreen_umass_edu/saishradha/Data-Curation-for-MTB/dna-tasks/Regression/training_output/lineage_aware_results_logreg_1000/RIFAMPICIN/all_lineage_summary.csv
RIFAMPICIN,4,SD-LogReg,9193,6495,2698,100.0,0.9609485478081148,0.9628514207484687,8033,6035,1998,True,50,True,/project/pi_annagreen_umass_edu/saishradha/Data-Curation-for-MTB/dna-tasks/Regression/training_output/lineage_aware_results_logreg_1000/RIFAMPICIN/all_lineage_summary.csv
STREPTOMYCIN,1,SD-LogReg,658,593,65,1.0,0.9376899696048632,0.8923466078609418,7024,4673,2351,True,50,True,/project/pi_annagreen_umass_edu/saishradha/Data-Curation-for-MTB/dna-tasks/Regression/training_output/lineage_aware_results_logreg_1000/STREPTOMYCIN/all_lineage_summary.csv
STREPTOMYCIN,2,SD-LogReg,1966,907,1059,1.0,0.920651068158698,0.9409581130083612,5716,4359,1357,True,50,True,/project/pi_annagreen_umass_edu/saishradha/Data-Curation-for-MTB/dna-tasks/Regression/training_output/lineage_aware_results_logreg_1000/STREPTOMYCIN/all_lineage_summary.csv
STREPTOMYCIN,3,SD-LogReg,515,433,82,1.0,0.9184466019417477,0.8516025460485551,7167,4833,2334,True,50,True,/project/pi_annagreen_umass_edu/saishradha/Data-Curation-for-MTB/dna-tasks/Regression/training_output/lineage_aware_results_logreg_1000/STREPTOMYCIN/all_lineage_summary.csv
STREPTOMYCIN,4,SD-LogReg,4425,3235,1190,1.0,0.8436158192090395,0.7344110503552271,3257,2031,1226,True,50,True,/project/pi_annagreen_umass_edu/saishradha/Data-Curation-for-MTB/dna-tasks/Regression/training_output/lineage_aware_results_logreg_1000/STREPTOMYCIN/all_lineage_summary.csv
