drug,heldout_lineage,model,N,N_S,N_R,seed,best_epoch,train_loss,train_acc,val_loss,val_acc,val_auc,train_N,train_N_S,train_N_R,feasible,min_class_count,val_result_available,source_file
AMIKACIN,1,Evo2-DNABERTCNN,51,41,10,42,,,,,,,3654,2957,697,False,50,False,
AMIKACIN,2,Evo2-DNABERTCNN,1221,903,318,42,17,0.15273830655311782,0.9300804828973843,0.17074350453913212,0.9213709677419355,0.8294334975369457,2484,2095,389,True,50,True,/project/pi_annagreen_umass_edu/saishradha/Data-Curation-for-MTB/dna-tasks/Evo2/training_output/lineage_aware_holdout/AMIKACIN/classification_results/evo2/token/heldout_lineage_2/AMIKACIN/seed_42/DNABERTCNN_history.csv
AMIKACIN,3,Evo2-DNABERTCNN,133,86,47,42,,,,,,,3572,2912,660,False,50,False,
AMIKACIN,4,Evo2-DNABERTCNN,2256,1948,308,42,19,0.1571511331240873,0.9181034482758621,0.24879944920539857,0.9377162629757786,0.9105819125277984,1449,1050,399,True,50,True,/project/pi_annagreen_umass_edu/saishradha/Data-Curation-for-MTB/dna-tasks/Evo2/training_output/lineage_aware_holdout/AMIKACIN/classification_results/evo2/token/heldout_lineage_4/AMIKACIN/seed_42/DNABERTCNN_history.csv
CAPREOMYCIN,1,Evo2-DNABERTCNN,58,56,2,42,,,,,,,3796,3123,673,False,50,False,
CAPREOMYCIN,2,Evo2-DNABERTCNN,1323,1025,298,42,4,0.22604638687334955,0.8034567901234568,0.24000113178044558,0.8438735177865613,0.7926362908724394,2531,2154,377,True,50,True,/project/pi_annagreen_umass_edu/saishradha/Data-Curation-for-MTB/dna-tasks/Evo2/training_output/lineage_aware_holdout/CAPREOMYCIN/classification_results/evo2/token/heldout_lineage_2/CAPREOMYCIN/seed_42/DNABERTCNN_history.csv
CAPREOMYCIN,3,Evo2-DNABERTCNN,160,145,15,42,,,,,,,3694,3034,660,False,50,False,
CAPREOMYCIN,4,Evo2-DNABERTCNN,2279,1929,350,42,4,0.2695396654307842,0.30396825396825394,0.24469775408506395,0.16507936507936508,0.8684556887978941,1575,1250,325,True,50,True,/project/pi_annagreen_umass_edu/saishradha/Data-Curation-for-MTB/dna-tasks/Evo2/training_output/lineage_aware_holdout/CAPREOMYCIN/classification_results/evo2/token/heldout_lineage_4/CAPREOMYCIN/seed_42/DNABERTCNN_history.csv
ETHAMBUTOL,1,Evo2-DNABERTCNN,1362,1270,92,42,19,0.147871253795402,0.8987272727272727,0.14973695645498675,0.9025100036376864,0.8960886489911849,13748,10895,2853,True,50,True,/project/pi_annagreen_umass_edu/saishradha/Data-Curation-for-MTB/dna-tasks/Evo2/training_output/zero_shot/lineage_aware_holdout/ETHAMBUTOL/classification_results/evo2/token/heldout_lineage_1/ETHAMBUTOL/seed_42/DNABERTCNN_history.csv
ETHAMBUTOL,2,Evo2-DNABERTCNN,3097,1939,1158,42,20,0.14919033118628508,0.9166666666666666,0.1487935710894434,0.921315570358035,0.8746195991597117,12013,10226,1787,True,50,True,/project/pi_annagreen_umass_edu/saishradha/Data-Curation-for-MTB/dna-tasks/Evo2/training_output/zero_shot/lineage_aware_holdout/ETHAMBUTOL/classification_results/evo2/token/heldout_lineage_2/ETHAMBUTOL/seed_42/DNABERTCNN_history.csv
ETHAMBUTOL,3,Evo2-DNABERTCNN,2521,2323,198,42,20,0.17533544139771523,0.8820492454328832,0.17105179503560067,0.8820492454328832,0.8848149324759195,12589,9842,2747,True,50,True,/project/pi_annagreen_umass_edu/saishradha/Data-Curation-for-MTB/dna-tasks/Evo2/training_output/zero_shot/lineage_aware_holdout/ETHAMBUTOL/classification_results/evo2/token/heldout_lineage_3/ETHAMBUTOL/seed_42/DNABERTCNN_history.csv
ETHAMBUTOL,4,Evo2-DNABERTCNN,7883,6408,1475,42,20,0.14558141473885422,0.8497319730243819,0.1524552424316821,0.8996539792387543,0.9155001770437128,7227,5757,1470,True,50,True,/project/pi_annagreen_umass_edu/saishradha/Data-Curation-for-MTB/dna-tasks/Evo2/training_output/zero_shot/lineage_aware_holdout/ETHAMBUTOL/classification_results/evo2/token/heldout_lineage_4/ETHAMBUTOL/seed_42/DNABERTCNN_history.csv
ETHIONAMIDE,1,Evo2-DNABERTCNN,24,13,11,42,,,,,,,2129,1450,679,False,50,False,
ETHIONAMIDE,2,Evo2-DNABERTCNN,596,382,214,42,7,0.4407365421454112,0.5208667736757624,0.4363741397857666,0.7009646302250804,0.606269113149847,1557,1081,476,True,50,True,/project/pi_annagreen_umass_edu/saishradha/Data-Curation-for-MTB/dna-tasks/Evo2/training_output/lineage_aware_holdout/ETHIONAMIDE/classification_results/evo2/token/heldout_lineage_2/ETHIONAMIDE/seed_42/DNABERTCNN_history.csv
ETHIONAMIDE,3,Evo2-DNABERTCNN,65,59,6,42,,,,,,,2088,1404,684,False,50,False,
ETHIONAMIDE,4,Evo2-DNABERTCNN,1435,979,456,42,2,0.45159730315208435,0.44869565217391305,0.44264665246009827,0.6713286713286714,0.7644060283687942,718,484,234,True,50,True,/project/pi_annagreen_umass_edu/saishradha/Data-Curation-for-MTB/dna-tasks/Evo2/training_output/lineage_aware_holdout/ETHIONAMIDE/classification_results/evo2/token/heldout_lineage_4/ETHIONAMIDE/seed_42/DNABERTCNN_history.csv
ISONIAZID,1,Evo2-DNABERTCNN,1583,1274,309,42,,,,,,0.862708314022547,15852,10336,5516,True,50,True,/project/pi_annagreen_umass_edu/saishradha/Data-Curation-for-MTB/dna-tasks/Evo2/training_output/lineage_aware_holdout/ISONIAZID/classification_results/evo2/token/heldout_lineage_1/ISONIAZID/seed_42/test_set_auc_ISONIAZID.csv
ISONIAZID,2,Evo2-DNABERTCNN,3457,1499,1958,42,,,,,,0.9593848461671078,13978,10111,3867,True,50,True,/project/pi_annagreen_umass_edu/saishradha/Data-Curation-for-MTB/dna-tasks/Evo2/training_output/lineage_aware_holdout/ISONIAZID/classification_results/evo2/token/heldout_lineage_2/ISONIAZID/seed_42/test_set_auc_ISONIAZID.csv
ISONIAZID,3,Evo2-DNABERTCNN,2791,2156,635,42,,,,,,0.925386546038888,14644,9454,5190,True,50,True,/project/pi_annagreen_umass_edu/saishradha/Data-Curation-for-MTB/dna-tasks/Evo2/training_output/lineage_aware_holdout/ISONIAZID/classification_results/evo2/token/heldout_lineage_3/ISONIAZID/seed_42/test_set_auc_ISONIAZID.csv
ISONIAZID,4,Evo2-DNABERTCNN,9348,6483,2865,42,,,,,,0.9096389353874638,8087,5127,2960,True,50,True,/project/pi_annagreen_umass_edu/saishradha/Data-Curation-for-MTB/dna-tasks/Evo2/training_output/lineage_aware_holdout/ISONIAZID/classification_results/evo2/token/heldout_lineage_4/ISONIAZID/seed_42/test_set_auc_ISONIAZID.csv
KANAMYCIN,1,Evo2-DNABERTCNN,75,68,7,42,,,,,,,3501,2805,696,False,50,False,
KANAMYCIN,2,Evo2-DNABERTCNN,930,660,270,42,9,0.2518843710422516,0.8408124704770902,0.2908579856157303,0.8185255198487713,0.8752646266358738,2646,2213,433,True,50,True,/project/pi_annagreen_umass_edu/saishradha/Data-Curation-for-MTB/dna-tasks/Evo2/training_output/lineage_aware_holdout/KANAMYCIN/classification_results/evo2/token/heldout_lineage_2/KANAMYCIN/seed_42/DNABERTCNN_history.csv
KANAMYCIN,3,Evo2-DNABERTCNN,177,138,39,42,,,,,,,3399,2735,664,False,50,False,
KANAMYCIN,4,Evo2-DNABERTCNN,2353,1988,365,42,9,0.30635610595345497,0.28804902962206336,0.29015906155109406,0.22950819672131148,0.9105243161094226,1223,885,338,True,50,True,/project/pi_annagreen_umass_edu/saishradha/Data-Curation-for-MTB/dna-tasks/Evo2/training_output/lineage_aware_holdout/KANAMYCIN/classification_results/evo2/token/heldout_lineage_4/KANAMYCIN/seed_42/DNABERTCNN_history.csv
MOXIFLOXACIN,1,Evo2-DNABERTCNN,61,61,0,42,,,,,,,2807,2419,388,False,50,False,
MOXIFLOXACIN,2,Evo2-DNABERTCNN,887,682,205,42,4,0.1551354518532753,0.8504731861198738,0.16827851075392503,0.8888888888888888,0.7774083161157025,1981,1798,183,True,50,True,/project/pi_annagreen_umass_edu/saishradha/Data-Curation-for-MTB/dna-tasks/Evo2/training_output/lineage_aware_holdout/MOXIFLOXACIN/classification_results/evo2/token/heldout_lineage_2/MOXIFLOXACIN/seed_42/DNABERTCNN_history.csv
MOXIFLOXACIN,3,Evo2-DNABERTCNN,122,115,7,42,,,,,,,2746,2365,381,False,50,False,
MOXIFLOXACIN,4,Evo2-DNABERTCNN,1788,1612,176,42,3,0.21418282555209267,0.18981481481481483,0.22533933179719107,0.2222222222222222,0.9386780753968255,1080,868,212,True,50,True,/project/pi_annagreen_umass_edu/saishradha/Data-Curation-for-MTB/dna-tasks/Evo2/training_output/lineage_aware_holdout/MOXIFLOXACIN/classification_results/evo2/token/heldout_lineage_4/MOXIFLOXACIN/seed_42/DNABERTCNN_history.csv
PYRAZINAMIDE,1,Evo2-DNABERTCNN,983,898,85,42,20,0.13837559769550958,0.9042675893886967,0.12790775416713013,0.9089765100671141,0.9218743892667293,11920,9874,2046,True,50,True,/project/pi_annagreen_umass_edu/saishradha/Data-Curation-for-MTB/dna-tasks/Evo2/training_output/lineage_aware_holdout/PYRAZINAMIDE/classification_results/evo2/token/heldout_lineage_1/PYRAZINAMIDE/seed_42/DNABERTCNN_history.csv
PYRAZINAMIDE,2,Evo2-DNABERTCNN,2392,1665,727,42,20,0.12976601279594682,0.9269916765755053,0.1303427626981455,0.9267364414843007,0.9113348530901721,10511,9107,1404,True,50,True,/project/pi_annagreen_umass_edu/saishradha/Data-Curation-for-MTB/dna-tasks/Evo2/training_output/lineage_aware_holdout/PYRAZINAMIDE/classification_results/evo2/token/heldout_lineage_2/PYRAZINAMIDE/seed_42/DNABERTCNN_history.csv
PYRAZINAMIDE,3,Evo2-DNABERTCNN,2417,2257,160,42,20,0.13898295931743854,0.9067938021454112,0.16100332403884215,0.9203624225083452,0.9020301605577943,10486,8515,1971,True,50,True,/project/pi_annagreen_umass_edu/saishradha/Data-Curation-for-MTB/dna-tasks/Evo2/training_output/lineage_aware_holdout/PYRAZINAMIDE/classification_results/evo2/token/heldout_lineage_3/PYRAZINAMIDE/seed_42/DNABERTCNN_history.csv
PYRAZINAMIDE,4,Evo2-DNABERTCNN,6889,5832,1057,42,20,0.20066583705575844,0.7042809642560266,0.19169602245092393,0.5029093931837074,0.8404295979208073,6014,4940,1074,True,50,True,/project/pi_annagreen_umass_edu/saishradha/Data-Curation-for-MTB/dna-tasks/Evo2/training_output/lineage_aware_holdout/PYRAZINAMIDE/classification_results/evo2/token/heldout_lineage_4/PYRAZINAMIDE/seed_42/DNABERTCNN_history.csv
RIFAMPICIN,1,Evo2-DNABERTCNN,1625,1459,166,42,,,,,,0.9688722847882276,15956,11253,4703,True,50,True,/project/pi_annagreen_umass_edu/saishradha/Data-Curation-for-MTB/dna-tasks/Evo2/training_output/lineage_aware_holdout/RIFAMPICIN/classification_results/evo2/token/heldout_lineage_1/RIFAMPICIN/seed_42/test_set_auc_RIFAMPICIN.csv
RIFAMPICIN,2,Evo2-DNABERTCNN,3509,1680,1829,42,,,,,,0.9774600423858991,14072,11032,3040,True,50,True,/project/pi_annagreen_umass_edu/saishradha/Data-Curation-for-MTB/dna-tasks/Evo2/training_output/lineage_aware_holdout/RIFAMPICIN/classification_results/evo2/token/heldout_lineage_2/RIFAMPICIN/seed_42/test_set_auc_RIFAMPICIN.csv
RIFAMPICIN,3,Evo2-DNABERTCNN,2793,2326,467,42,,,,,,0.9874423273211679,14788,10386,4402,True,50,True,/project/pi_annagreen_umass_edu/saishradha/Data-Curation-for-MTB/dna-tasks/Evo2/training_output/lineage_aware_holdout/RIFAMPICIN/classification_results/evo2/token/heldout_lineage_3/RIFAMPICIN/seed_42/test_set_auc_RIFAMPICIN.csv
RIFAMPICIN,4,Evo2-DNABERTCNN,9403,7030,2373,42,,,,,,0.9666092285928886,8178,5682,2496,True,50,True,/project/pi_annagreen_umass_edu/saishradha/Data-Curation-for-MTB/dna-tasks/Evo2/training_output/lineage_aware_holdout/RIFAMPICIN/classification_results/evo2/token/heldout_lineage_4/RIFAMPICIN/seed_42/test_set_auc_RIFAMPICIN.csv
STREPTOMYCIN,1,Evo2-DNABERTCNN,658,593,65,42,,,,,,0.8804459309897522,7024,4673,2351,True,50,True,/project/pi_annagreen_umass_edu/saishradha/Data-Curation-for-MTB/dna-tasks/Evo2/training_output/lineage_aware_holdout/STREPTOMYCIN/classification_results/evo2/token/heldout_lineage_1/STREPTOMYCIN/seed_42/test_set_auc_STREPTOMYCIN.csv
STREPTOMYCIN,2,Evo2-DNABERTCNN,1966,907,1059,42,1,0.39366318254204063,0.7655805816750492,0.42445019135872525,0.7331583552055994,0.7621894440314566,5716,4359,1357,True,50,True,/project/pi_annagreen_umass_edu/saishradha/Data-Curation-for-MTB/dna-tasks/Evo2/training_output/lineage_aware_holdout/STREPTOMYCIN/classification_results/evo2/token/heldout_lineage_2/STREPTOMYCIN/seed_42/DNABERTCNN_history.csv
STREPTOMYCIN,3,Evo2-DNABERTCNN,515,433,82,42,,,,,,0.8890873743029346,7167,4833,2334,True,50,True,/project/pi_annagreen_umass_edu/saishradha/Data-Curation-for-MTB/dna-tasks/Evo2/training_output/lineage_aware_holdout/STREPTOMYCIN/classification_results/evo2/token/heldout_lineage_3/STREPTOMYCIN/seed_42/test_set_auc_STREPTOMYCIN.csv
STREPTOMYCIN,4,Evo2-DNABERTCNN,4425,3235,1190,42,16,0.17432995167810741,0.9255564082885649,0.14140426686831883,0.9400921658986175,0.9555278884462151,3257,2031,1226,True,50,True,/project/pi_annagreen_umass_edu/saishradha/Data-Curation-for-MTB/dna-tasks/Evo2/training_output/lineage_aware_holdout/STREPTOMYCIN/classification_results/evo2/token/heldout_lineage_4/STREPTOMYCIN/seed_42/DNABERTCNN_history.csv
