Drug,Held-out lineage,Residues discovered,Test carriers,Test R,Test S,Positions w/ 0 test carriers,Min test carriers/position,Median test carriers/position,Max test carriers/position
Rifampicin,1,52,305,292,13,1,1,2.0,194
Rifampicin,2,52,1236,1161,75,0,1,3.0,788
Rifampicin,3,52,502,468,34,0,1,2.0,301
Rifampicin,4,52,2824,2663,161,0,1,2.5,1756
Isoniazid,1,66,460,444,16,2,1,5.0,314
Isoniazid,2,66,1503,1458,45,2,1,1.0,1024
Isoniazid,3,66,666,643,23,2,1,1.0,474
Isoniazid,4,66,3366,3217,149,0,1,1.0,2296
Ethambutol,1,9,217,153,64,0,1,8.0,95
Ethambutol,2,9,594,436,158,0,6,39.0,195
Ethambutol,3,9,405,301,104,0,2,21.0,161
Ethambutol,4,9,1527,1141,386,0,11,110.0,495
Pyrazinamide,1,221,69,55,14,11,1,1.0,21
Pyrazinamide,2,221,735,590,145,2,1,2.0,47
Pyrazinamide,3,221,165,126,39,7,1,1.5,19
Pyrazinamide,4,221,1024,877,147,0,1,3.0,90
Streptomycin,1,84,95,44,51,2,1,1.0,16
Streptomycin,2,84,1152,1036,116,4,1,3.0,679
Streptomycin,3,84,114,68,46,2,1,3.0,26
Streptomycin,4,84,814,632,182,2,1,2.0,234
Moxifloxacin,2,13,232,176,56,0,1,4.0,131
Moxifloxacin,4,13,132,96,36,0,1,2.0,62
Ethionamide,2,126,389,204,185,4,1,1.0,123
Ethionamide,4,126,736,473,263,2,1,2.0,331
Capreomycin,2,24,273,230,43,0,2,3.5,258
Capreomycin,4,24,255,215,40,0,1,1.0,198
Kanamycin,2,8,266,245,21,0,2,13.0,215
Kanamycin,4,8,321,283,38,0,1,14.0,215
