drug,heldout_lineage,k,P@k,R@k,MAP@k,Hits@k
STREPTOMYCIN,1,1,1.0,0.008264462809917356,0.008264462809917356,1
STREPTOMYCIN,1,5,0.6,0.024793388429752067,0.018732782369146005,3
STREPTOMYCIN,1,10,0.5,0.04132231404958678,0.028833792470156105,5
STREPTOMYCIN,2,1,0.0,0.0,0.0,0
STREPTOMYCIN,2,5,0.6,0.024793388429752067,0.014600550964187328,3
STREPTOMYCIN,2,10,0.4,0.03305785123966942,0.020110192837465565,4
STREPTOMYCIN,3,1,1.0,0.008264462809917356,0.008264462809917356,1
STREPTOMYCIN,3,5,0.6,0.024793388429752067,0.019972451790633606,3
STREPTOMYCIN,3,10,0.4,0.03305785123966942,0.025482093663911843,4
STREPTOMYCIN,4,1,0.0,0.0,0.0,0
STREPTOMYCIN,4,5,0.4,0.01652892561983471,0.008264462809917356,2
STREPTOMYCIN,4,10,0.4,0.03305785123966942,0.017119244391971662,4
