drug,heldout_lineage,seed,model,N,N_S,N_R,best_epoch,train_loss,train_acc,val_loss,val_acc,val_auc,val_result_available,source_file
AMIKACIN,2,1,Evo2-DNABERTCNN,1221,903,318,1,0.25705372932411374,0.6765593561368209,0.2397840516641736,0.13709677419354838,0.8592461517317208,True,/project/pi_annagreen_umass_edu/saishradha/Data-Curation-for-MTB-evo2-optimized/dna-tasks/Evo2/training_output/zero_shot/lineage_aware_holdout/AMIKACIN/classification_results/evo2/pca/heldout_lineage_2/AMIKACIN/seed_1/DNABERTCNN_history.csv
AMIKACIN,4,1,Evo2-DNABERTCNN,2256,1948,308,5,0.29766077165668076,0.27844827586206894,0.3034511744976044,0.2975778546712803,0.8931721846717836,True,/project/pi_annagreen_umass_edu/saishradha/Data-Curation-for-MTB-evo2-optimized/dna-tasks/Evo2/training_output/zero_shot/lineage_aware_holdout/AMIKACIN/classification_results/evo2/pca/heldout_lineage_4/AMIKACIN/seed_1/DNABERTCNN_history.csv
CAPREOMYCIN,2,1,Evo2-DNABERTCNN,1323,1025,298,11,0.23067338787950575,0.6632098765432098,0.2119752001017332,0.8715415019762845,0.8348159776731205,True,/project/pi_annagreen_umass_edu/saishradha/Data-Curation-for-MTB-evo2-optimized/dna-tasks/Evo2/training_output/zero_shot/lineage_aware_holdout/CAPREOMYCIN/classification_results/evo2/pca/heldout_lineage_2/CAPREOMYCIN/seed_1/DNABERTCNN_history.csv
CAPREOMYCIN,4,1,Evo2-DNABERTCNN,2279,1929,350,11,0.25722025111317637,0.29365079365079366,0.26612837612628937,0.2253968253968254,0.8548545370584162,True,/project/pi_annagreen_umass_edu/saishradha/Data-Curation-for-MTB-evo2-optimized/dna-tasks/Evo2/training_output/zero_shot/lineage_aware_holdout/CAPREOMYCIN/classification_results/evo2/pca/heldout_lineage_4/CAPREOMYCIN/seed_1/DNABERTCNN_history.csv
ETHAMBUTOL,1,1,Evo2-DNABERTCNN,1362,1270,92,12,0.27570936924149825,0.42936363636363634,0.27836401206116346,0.21280465623863223,0.8771604499423353,True,/project/pi_annagreen_umass_edu/saishradha/Data-Curation-for-MTB-evo2-optimized/dna-tasks/Evo2/training_output/zero_shot/lineage_aware_holdout/ETHAMBUTOL/classification_results/evo2/pca/heldout_lineage_1/ETHAMBUTOL/seed_1/DNABERTCNN_history.csv
ETHAMBUTOL,2,1,Evo2-DNABERTCNN,3097,1939,1158,12,0.24191195177321403,0.8498751560549314,0.23548537884887896,0.8567860116569526,0.8922158564422447,True,/project/pi_annagreen_umass_edu/saishradha/Data-Curation-for-MTB-evo2-optimized/dna-tasks/Evo2/training_output/zero_shot/lineage_aware_holdout/ETHAMBUTOL/classification_results/evo2/pca/heldout_lineage_2/ETHAMBUTOL/seed_1/DNABERTCNN_history.csv
ETHAMBUTOL,3,1,Evo2-DNABERTCNN,2521,2323,198,4,0.2846440505943721,0.31443606036536936,0.28020115084946157,0.795869737887212,0.8885337302049597,True,/project/pi_annagreen_umass_edu/saishradha/Data-Curation-for-MTB-evo2-optimized/dna-tasks/Evo2/training_output/zero_shot/lineage_aware_holdout/ETHAMBUTOL/classification_results/evo2/pca/heldout_lineage_3/ETHAMBUTOL/seed_1/DNABERTCNN_history.csv
ETHAMBUTOL,4,1,Evo2-DNABERTCNN,7883,6408,1475,20,0.20219561883381434,0.7762407055161681,0.2117982707593752,0.6795847750865052,0.8774132843900285,True,/project/pi_annagreen_umass_edu/saishradha/Data-Curation-for-MTB-evo2-optimized/dna-tasks/Evo2/training_output/zero_shot/lineage_aware_holdout/ETHAMBUTOL/classification_results/evo2/pca/heldout_lineage_4/ETHAMBUTOL/seed_1/DNABERTCNN_history.csv
ETHIONAMIDE,2,1,Evo2-DNABERTCNN,596,382,214,10,0.44090379965610993,0.6910112359550562,0.43266719579696655,0.707395498392283,0.7458041958041959,True,/project/pi_annagreen_umass_edu/saishradha/Data-Curation-for-MTB-evo2-optimized/dna-tasks/Evo2/training_output/zero_shot/lineage_aware_holdout/ETHIONAMIDE/classification_results/evo2/pca/heldout_lineage_2/ETHIONAMIDE/seed_1/DNABERTCNN_history.csv
ETHIONAMIDE,4,1,Evo2-DNABERTCNN,1435,979,456,16,0.44385457866721684,0.3634782608695652,0.460316526889801,0.6643356643356644,0.7049462365591398,True,/project/pi_annagreen_umass_edu/saishradha/Data-Curation-for-MTB-evo2-optimized/dna-tasks/Evo2/training_output/zero_shot/lineage_aware_holdout/ETHIONAMIDE/classification_results/evo2/pca/heldout_lineage_4/ETHIONAMIDE/seed_1/DNABERTCNN_history.csv
ISONIAZID,1,1,Evo2-DNABERTCNN,1583,1274,309,17,0.21245616644471135,0.9172908617834897,0.20112916082143784,0.9252365930599369,0.933194826270031,True,/project/pi_annagreen_umass_edu/saishradha/Data-Curation-for-MTB-evo2-optimized/dna-tasks/Evo2/training_output/zero_shot/lineage_aware_holdout/ISONIAZID/classification_results/evo2/pca/heldout_lineage_1/ISONIAZID/seed_1/DNABERTCNN_history.csv
ISONIAZID,2,1,Evo2-DNABERTCNN,3457,1499,1958,2,0.4388420128822327,0.7215665236051502,0.4330354089086706,0.7305903398926654,0.864250149256061,True,/project/pi_annagreen_umass_edu/saishradha/Data-Curation-for-MTB-evo2-optimized/dna-tasks/Evo2/training_output/zero_shot/lineage_aware_holdout/ISONIAZID/classification_results/evo2/pca/heldout_lineage_2/ISONIAZID/seed_1/DNABERTCNN_history.csv
ISONIAZID,3,1,Evo2-DNABERTCNN,2791,2156,635,17,0.21903458901721498,0.9107203823830659,0.22054041922092438,0.9105496756572209,0.9078234840002658,True,/project/pi_annagreen_umass_edu/saishradha/Data-Curation-for-MTB-evo2-optimized/dna-tasks/Evo2/training_output/zero_shot/lineage_aware_holdout/ISONIAZID/classification_results/evo2/pca/heldout_lineage_3/ISONIAZID/seed_1/DNABERTCNN_history.csv
ISONIAZID,4,1,Evo2-DNABERTCNN,9348,6483,2865,2,0.4748229317220987,0.4316179879462216,0.48014516211473024,0.3593073593073593,0.9090861515560311,True,/project/pi_annagreen_umass_edu/saishradha/Data-Curation-for-MTB-evo2-optimized/dna-tasks/Evo2/training_output/zero_shot/lineage_aware_holdout/ISONIAZID/classification_results/evo2/pca/heldout_lineage_4/ISONIAZID/seed_1/DNABERTCNN_history.csv
KANAMYCIN,2,1,Evo2-DNABERTCNN,930,660,270,19,0.25456394342815175,0.83656117146906,0.23954817056655883,0.8355387523629489,0.8216960524262756,True,/project/pi_annagreen_umass_edu/saishradha/Data-Curation-for-MTB-evo2-optimized/dna-tasks/Evo2/training_output/zero_shot/lineage_aware_holdout/KANAMYCIN/classification_results/evo2/pca/heldout_lineage_2/KANAMYCIN/seed_1/DNABERTCNN_history.csv
KANAMYCIN,4,1,Evo2-DNABERTCNN,2353,1988,365,20,0.30411429330706596,0.2808988764044944,0.29886190593242645,0.2581967213114754,0.9315969481715338,True,/project/pi_annagreen_umass_edu/saishradha/Data-Curation-for-MTB-evo2-optimized/dna-tasks/Evo2/training_output/zero_shot/lineage_aware_holdout/KANAMYCIN/classification_results/evo2/pca/heldout_lineage_4/KANAMYCIN/seed_1/DNABERTCNN_history.csv
MOXIFLOXACIN,2,1,Evo2-DNABERTCNN,887,682,205,6,0.1550838577747345,0.910410094637224,0.1669948914876351,0.8964646464646465,0.7811405015458605,True,/project/pi_annagreen_umass_edu/saishradha/Data-Curation-for-MTB-evo2-optimized/dna-tasks/Evo2/training_output/zero_shot/lineage_aware_holdout/MOXIFLOXACIN/classification_results/evo2/pca/heldout_lineage_2/MOXIFLOXACIN/seed_1/DNABERTCNN_history.csv
MOXIFLOXACIN,4,1,Evo2-DNABERTCNN,1788,1612,176,18,0.219150440008552,0.20023148148148148,0.21097979801041739,0.18055555555555555,0.923076923076923,True,/project/pi_annagreen_umass_edu/saishradha/Data-Curation-for-MTB-evo2-optimized/dna-tasks/Evo2/training_output/zero_shot/lineage_aware_holdout/MOXIFLOXACIN/classification_results/evo2/pca/heldout_lineage_4/MOXIFLOXACIN/seed_1/DNABERTCNN_history.csv
PYRAZINAMIDE,1,1,Evo2-DNABERTCNN,983,898,85,3,0.23297547737757365,0.49292230261088393,0.23252567492033305,0.8343120805369127,0.8398024824796904,True,/project/pi_annagreen_umass_edu/saishradha/Data-Curation-for-MTB-evo2-optimized/dna-tasks/Evo2/training_output/zero_shot/lineage_aware_holdout/PYRAZINAMIDE/classification_results/evo2/pca/heldout_lineage_1/PYRAZINAMIDE/seed_1/DNABERTCNN_history.csv
PYRAZINAMIDE,2,1,Evo2-DNABERTCNN,2392,1665,727,3,0.20837853329651285,0.86884661117717,0.21713504370521097,0.8601332064700286,0.8489354179761156,True,/project/pi_annagreen_umass_edu/saishradha/Data-Curation-for-MTB-evo2-optimized/dna-tasks/Evo2/training_output/zero_shot/lineage_aware_holdout/PYRAZINAMIDE/classification_results/evo2/pca/heldout_lineage_2/PYRAZINAMIDE/seed_1/DNABERTCNN_history.csv
PYRAZINAMIDE,3,1,Evo2-DNABERTCNN,2417,2257,160,5,0.2390075009880644,0.3561382598331347,0.24146184062256532,0.19360991893180735,0.8927515417757879,True,/project/pi_annagreen_umass_edu/saishradha/Data-Curation-for-MTB-evo2-optimized/dna-tasks/Evo2/training_output/zero_shot/lineage_aware_holdout/PYRAZINAMIDE/classification_results/evo2/pca/heldout_lineage_3/PYRAZINAMIDE/seed_1/DNABERTCNN_history.csv
PYRAZINAMIDE,4,1,Evo2-DNABERTCNN,6889,5832,1057,6,0.2340977344858019,0.3618038237738986,0.23665713965892793,0.8437240232751455,0.8452512145172697,True,/project/pi_annagreen_umass_edu/saishradha/Data-Curation-for-MTB-evo2-optimized/dna-tasks/Evo2/training_output/zero_shot/lineage_aware_holdout/PYRAZINAMIDE/classification_results/evo2/pca/heldout_lineage_4/PYRAZINAMIDE/seed_1/DNABERTCNN_history.csv
RIFAMPICIN,1,1,Evo2-DNABERTCNN,1625,1459,166,19,0.10883215211331844,0.9628701237662541,0.09943925999104977,0.9649012848636791,0.9651618304343614,True,/project/pi_annagreen_umass_edu/saishradha/Data-Curation-for-MTB-evo2-optimized/dna-tasks/Evo2/training_output/zero_shot/lineage_aware_holdout/RIFAMPICIN/classification_results/evo2/pca/heldout_lineage_1/RIFAMPICIN/seed_1/DNABERTCNN_history.csv
RIFAMPICIN,2,1,Evo2-DNABERTCNN,3509,1680,1829,11,0.13458130034533414,0.9481303845812239,0.13716486862606622,0.94136460554371,0.9458262510931282,True,/project/pi_annagreen_umass_edu/saishradha/Data-Curation-for-MTB-evo2-optimized/dna-tasks/Evo2/training_output/zero_shot/lineage_aware_holdout/RIFAMPICIN/classification_results/evo2/pca/heldout_lineage_2/RIFAMPICIN/seed_1/DNABERTCNN_history.csv
RIFAMPICIN,3,1,Evo2-DNABERTCNN,2793,2326,467,10,0.15934991143845223,0.9330628803245437,0.15332057501407378,0.9519783564423402,0.9559159130645467,True,/project/pi_annagreen_umass_edu/saishradha/Data-Curation-for-MTB-evo2-optimized/dna-tasks/Evo2/training_output/zero_shot/lineage_aware_holdout/RIFAMPICIN/classification_results/evo2/pca/heldout_lineage_3/RIFAMPICIN/seed_1/DNABERTCNN_history.csv
RIFAMPICIN,4,1,Evo2-DNABERTCNN,9403,7030,2373,5,0.18069456734703582,0.9266503667481663,0.1895514798278992,0.9217125382262997,0.9352831215970961,True,/project/pi_annagreen_umass_edu/saishradha/Data-Curation-for-MTB-evo2-optimized/dna-tasks/Evo2/training_output/zero_shot/lineage_aware_holdout/RIFAMPICIN/classification_results/evo2/pca/heldout_lineage_4/RIFAMPICIN/seed_1/DNABERTCNN_history.csv
STREPTOMYCIN,1,1,Evo2-DNABERTCNN,658,593,65,20,0.25231816797432577,0.8603202846975089,0.2397009525448084,0.8710826210826211,0.9151073576658697,True,/project/pi_annagreen_umass_edu/saishradha/Data-Curation-for-MTB-evo2-optimized/dna-tasks/Evo2/training_output/zero_shot/lineage_aware_holdout/STREPTOMYCIN/classification_results/evo2/pca/heldout_lineage_1/STREPTOMYCIN/seed_1/DNABERTCNN_history.csv
STREPTOMYCIN,2,1,Evo2-DNABERTCNN,1966,907,1059,1,0.4002630525118821,0.760769735403455,0.391655789481269,0.7699037620297463,0.7975825267888006,True,/project/pi_annagreen_umass_edu/saishradha/Data-Curation-for-MTB-evo2-optimized/dna-tasks/Evo2/training_output/zero_shot/lineage_aware_holdout/STREPTOMYCIN/classification_results/evo2/pca/heldout_lineage_2/STREPTOMYCIN/seed_1/DNABERTCNN_history.csv
STREPTOMYCIN,3,1,Evo2-DNABERTCNN,515,433,82,20,0.29510879856016903,0.8487966515521451,0.29790315793620215,0.7641311933007676,0.8598066986947064,True,/project/pi_annagreen_umass_edu/saishradha/Data-Curation-for-MTB-evo2-optimized/dna-tasks/Evo2/training_output/zero_shot/lineage_aware_holdout/STREPTOMYCIN/classification_results/evo2/pca/heldout_lineage_3/STREPTOMYCIN/seed_1/DNABERTCNN_history.csv
STREPTOMYCIN,4,1,Evo2-DNABERTCNN,4425,3235,1190,14,0.4542056412958517,0.3772064466615503,0.45206181208292645,0.37327188940092165,0.9109224965706447,True,/project/pi_annagreen_umass_edu/saishradha/Data-Curation-for-MTB-evo2-optimized/dna-tasks/Evo2/training_output/zero_shot/lineage_aware_holdout/STREPTOMYCIN/classification_results/evo2/pca/heldout_lineage_4/STREPTOMYCIN/seed_1/DNABERTCNN_history.csv
